variable,n_unweighted,n_weighted,mean_w,sd_w
anc_visits,5860,5722.845034999977,10.71502609400996,18.995334016583953
birth_order,5860,5722.845034999977,1,0
maternal_age,5860,5722.845034999977,29.55580985795476,6.514477937248432
parity,5860,5722.845034999977,3.2124989501834427,2.195363205601618
