adjustment,exposure,outcome,risk_exposed,risk_unexp,rd,rd_ci_l,rd_ci_u,rr,rr_ci_l,rr_ci_u,or,or_ci_l,or_ci_u,deaths_averted_per_1000
Crude (survey-weighted),csection,early_neonatal_death,0.038326906662540544,0.03789047444464312,4.364322178974228e-4,-0.01732245545483906,0.018195319890633905,1.0115182568783887,0.6359050848879951,1.6089967014157616,1.0119773101256417,0.627986781694661,1.6307637454494466,-0.4364322178974228
Adjusted (PS overlap-weighted + survey),csection,early_neonatal_death,0.03895359888730384,0.03259530347246615,0.006358295414837692,-0.011126402627966884,0.023842993457642268,1.195067839150774,0.7528769447387604,1.8969728720648562,1.20297442342145,0.7505831165867425,1.9280309287891202,-6.358295414837692
