adjustment,exposure,outcome,risk_exposed,risk_unexp,rd,rd_ci_l,rd_ci_u,rr,rr_ci_l,rr_ci_u,or,or_ci_l,or_ci_u,deaths_averted_per_1000
Crude (survey-weighted),skilled_attendant,early_neonatal_death,0.03867716974831787,0.01708822749247798,0.02158894225583989,-0.0011041495780545786,0.04428203408973436,2.263381018618992,0.6280816860968891,8.156413009397124,2.314210915721873,0.629673686890952,8.505313583754306,-21.58894225583989
Adjusted (PS overlap-weighted + survey),skilled_attendant,early_neonatal_death,0.04081265009784837,0.015760043786604575,0.025052606311243793,0.0024273275715653055,0.047677885050922283,2.5896279636315183,0.6968186404633921,9.623986214781288,2.657265354671021,0.6876087845619349,10.269006626541868,-25.052606311243792
