comparison,adjustment,risk_exposed,risk_unexp,rd,rd_ci_l,rd_ci_u,rr,rr_ci_l,rr_ci_u,or,or_ci_l,or_ci_u,deaths_averted_per_1000,risk_exposed_pct,risk_unexp_pct,rd_pct
Skilled birth attendance vs non-skilled,Crude (survey-weighted),0.03867716974831787,0.01708822749247798,0.02158894225583989,-0.0011041495780545786,0.04428203408973436,2.263381018618992,0.6280816860968891,8.156413009397124,2.314210915721873,0.629673686890952,8.505313583754306,-21.58894225583989,3.867716974831787,1.7088227492477979,2.158894225583989
Skilled birth attendance vs non-skilled,Adjusted (PS overlap-weighted + survey),0.04081265009784837,0.015760043786604575,0.025052606311243793,0.0024273275715653055,0.047677885050922283,2.5896279636315183,0.6968186404633921,9.623986214781288,2.657265354671021,0.6876087845619349,10.269006626541868,-25.052606311243792,4.081265009784837,1.5760043786604574,2.5052606311243792
Caesarean vs vaginal delivery,Crude (survey-weighted),0.038326906662540544,0.03789047444464312,4.364322178974228e-4,-0.01732245545483906,0.018195319890633905,1.0115182568783887,0.6359050848879951,1.6089967014157616,1.0119773101256417,0.627986781694661,1.6307637454494466,-0.4364322178974228,3.8326906662540545,3.789047444464312,0.04364322178974228
Caesarean vs vaginal delivery,Adjusted (PS overlap-weighted + survey),0.03895359888730384,0.03259530347246615,0.006358295414837692,-0.011126402627966884,0.023842993457642268,1.195067839150774,0.7528769447387604,1.8969728720648562,1.20297442342145,0.7505831165867425,1.9280309287891202,-6.358295414837692,3.895359888730384,3.259530347246615,0.6358295414837691
