care_pattern,n_unweighted,n_weighted,risk_enn,se,ci_l,ci_u,risk_enn_pct
Non-skilled vaginal,196,190.37908999999985,0.017458372135301218,0.011295889391138628,-0.004681164244678567,0.039597908515281,1.745837213530122
Skilled C-section,697,690.1981460000009,0.03855590043848071,0.008395421146882544,0.02210117735554497,0.055010623521416446,3.855590043848071
Skilled vaginal,4962,4838.144035999996,0.03869446974025561,0.0036166311364125496,0.03160600296752085,0.04578293651299037,3.869446974025561
