scenario,poorest_level,births_poor_year,sba_cov_poor,sba_cov_all,cs_cov_poor,cs_cov_all,rd_sba_adj,rd_cs_adj,deaths_averted_per_year
Raise SBA coverage in poorest quintile to national SBA coverage,1,112.0445772000002,0.9428299792807807,0.9660129093465957,0.05203894330014921,0.1213246042403108,0.025052606311243793,0.006358295414837692,-0.06507468596665482
Raise C-section coverage in poorest quintile to national C-section coverage,1,112.0445772000002,0.9428299792807807,0.9660129093465957,0.05203894330014921,0.1213246042403108,0.025052606311243793,0.006358295414837692,-0.049359972411970536
