indicator,varname,prevalence,se,ci_l,ci_u,prevalence_pct,ci_l_pct,ci_u_pct
Skilled birth attendance,skilled_attendant,0.9660129093465957,0.003587314638303446,0.9589817726555209,0.9730440460376705,96.60129093465957,95.89817726555209,97.30440460376705
Caesarean delivery,csection,0.1213246042403108,0.0052606462773677675,0.11101373753666997,0.13163547094395162,12.13246042403108,11.101373753666998,13.163547094395161
